execution_id,period,department,account_code,account_name,budget_amount,actual_amount,variance_amount,variance_rate,owner,status
BE000001,2024-01,OLED,5000,매출원가,756984000,742080000,-14904000,-0.0197,김대리,정상
BE000002,2024-01,OLED,6100,급여,683644000,830550000,146906000,0.2149,김대리,초과
BE000003,2024-01,OLED,6200,복리후생비,589742000,584530000,-5212000,-0.0088,정사원,정상
BE000004,2024-01,OLED,6300,광고선전비,675998000,740060000,64062000,0.0948,김대리,정상
BE000005,2024-01,OLED,6400,운반비,697596000,665020000,-32576000,-0.0467,김대리,정상
BE000006,2024-01,OLED,6500,감가상각비,692692000,621700000,-70992000,-0.1025,이대리,미달
BE000007,2024-01,OLED,6600,지급수수료,573078000,697900000,124822000,0.2178,최대리,초과
BE000008,2024-01,OLED,6700,연구개발비,690499000,608270000,-82229000,-0.1191,김대리,미달
BE000009,2024-01,OLED,6800,기타판관비,609862000,696390000,86528000,0.1419,이대리,초과
BE000010,2024-01,제약,5000,매출원가,709471000,741380000,31909000,0.045,이대리,정상
BE000011,2024-01,제약,6100,급여,702182000,837590000,135408000,0.1928,최대리,초과
BE000012,2024-01,제약,6200,복리후생비,580998000,778760000,197762000,0.3404,박과장,초과
BE000013,2024-01,제약,6300,광고선전비,778942000,711090000,-67852000,-0.0871,김대리,정상
BE000014,2024-01,제약,6400,운반비,701355000,712890000,11535000,0.0164,박과장,정상
BE000015,2024-01,제약,6500,감가상각비,681016000,600380000,-80636000,-0.1184,정사원,미달
BE000016,2024-01,제약,6600,지급수수료,577672000,567930000,-9742000,-0.0169,김대리,정상
BE000017,2024-01,제약,6700,연구개발비,703358000,582360000,-120998000,-0.172,김대리,미달
BE000018,2024-01,제약,6800,기타판관비,610248000,776780000,166532000,0.2729,박과장,초과
BE000019,2024-02,OLED,5000,매출원가,762521000,710900000,-51621000,-0.0677,김대리,정상
BE000020,2024-02,OLED,6100,급여,672311000,713280000,40969000,0.0609,김대리,정상
BE000021,2024-02,OLED,6200,복리후생비,567135000,667940000,100805000,0.1777,정사원,초과
BE000022,2024-02,OLED,6300,광고선전비,675998000,649290000,-26708000,-0.0395,김대리,정상
BE000023,2024-02,OLED,6400,운반비,717111000,638210000,-78901000,-0.11,김대리,미달
BE000024,2024-02,OLED,6500,감가상각비,694197000,696710000,2513000,0.0036,이대리,정상
BE000025,2024-02,OLED,6600,지급수수료,605194000,735020000,129826000,0.2145,최대리,초과
BE000026,2024-02,OLED,6700,연구개발비,723289000,671180000,-52109000,-0.072,김대리,정상
BE000027,2024-02,OLED,6800,기타판관비,627484000,512250000,-115234000,-0.1836,이대리,미달
BE000028,2024-02,제약,5000,매출원가,741256000,713300000,-27956000,-0.0377,이대리,정상
BE000029,2024-02,제약,6100,급여,688677000,665600000,-23077000,-0.0335,최대리,정상
BE000030,2024-02,제약,6200,복리후생비,609972000,720160000,110188000,0.1806,박과장,초과
BE000031,2024-02,제약,6300,광고선전비,778942000,656990000,-121952000,-0.1566,김대리,미달
BE000032,2024-02,제약,6400,운반비,718850000,720580000,1730000,0.0024,박과장,정상
BE000033,2024-02,제약,6500,감가상각비,669519000,766170000,96651000,0.1444,정사원,초과
BE000034,2024-02,제약,6600,지급수수료,564200000,759530000,195330000,0.3462,김대리,초과
BE000035,2024-02,제약,6700,연구개발비,688995000,560680000,-128315000,-0.1862,김대리,미달
BE000036,2024-02,제약,6800,기타판관비,594604000,754620000,160016000,0.2691,박과장,초과
BE000037,2024-03,OLED,5000,매출원가,754869000,670270000,-84599000,-0.1121,김대리,미달
BE000038,2024-03,OLED,6100,급여,711044000,692870000,-18174000,-0.0256,김대리,정상
BE000039,2024-03,OLED,6200,복리후생비,594329000,778100000,183771000,0.3092,정사원,초과
BE000040,2024-03,OLED,6300,광고선전비,675998000,461560000,-214438000,-0.3172,김대리,미달
BE000041,2024-03,OLED,6400,운반비,719025000,640920000,-78105000,-0.1086,김대리,미달
BE000042,2024-03,OLED,6500,감가상각비,703932000,737080000,33148000,0.0471,이대리,정상
BE000043,2024-03,OLED,6600,지급수수료,609596000,744710000,135114000,0.2216,최대리,초과
BE000044,2024-03,OLED,6700,연구개발비,725418000,718090000,-7328000,-0.0101,김대리,정상
BE000045,2024-03,OLED,6800,기타판관비,579643000,701590000,121947000,0.2104,이대리,초과
BE000046,2024-03,제약,5000,매출원가,692568000,759240000,66672000,0.0963,이대리,정상
BE000047,2024-03,제약,6100,급여,671901000,683050000,11149000,0.0166,최대리,정상
BE000048,2024-03,제약,6200,복리후생비,585282000,659560000,74278000,0.1269,박과장,초과
BE000049,2024-03,제약,6300,광고선전비,778942000,835060000,56118000,0.072,김대리,정상
BE000050,2024-03,제약,6400,운반비,681547000,653200000,-28347000,-0.0416,박과장,정상
BE000051,2024-03,제약,6500,감가상각비,693199000,661330000,-31869000,-0.046,정사원,정상
BE000052,2024-03,제약,6600,지급수수료,577196000,637450000,60254000,0.1044,김대리,초과
BE000053,2024-03,제약,6700,연구개발비,686985000,618240000,-68745000,-0.1001,김대리,미달
BE000054,2024-03,제약,6800,기타판관비,613925000,732460000,118535000,0.1931,박과장,초과
BE000055,2024-04,OLED,5000,매출원가,735966000,804030000,68064000,0.0925,김대리,정상
BE000056,2024-04,OLED,6100,급여,727093000,788940000,61847000,0.0851,김대리,정상
BE000057,2024-04,OLED,6200,복리후생비,625517000,635120000,9603000,0.0154,정사원,정상
BE000058,2024-04,OLED,6300,광고선전비,675998000,682200000,6202000,0.0092,김대리,정상
BE000059,2024-04,OLED,6400,운반비,686401000,778390000,91989000,0.134,김대리,초과
BE000060,2024-04,OLED,6500,감가상각비,723173000,514030000,-209143000,-0.2892,이대리,미달
BE000061,2024-04,OLED,6600,지급수수료,586107000,693380000,107273000,0.183,최대리,초과
BE000062,2024-04,OLED,6700,연구개발비,675412000,695480000,20068000,0.0297,김대리,정상
BE000063,2024-04,OLED,6800,기타판관비,608106000,562270000,-45836000,-0.0754,이대리,정상
BE000064,2024-04,제약,5000,매출원가,693436000,775260000,81824000,0.118,이대리,초과
BE000065,2024-04,제약,6100,급여,696715000,759950000,63235000,0.0908,최대리,정상
BE000066,2024-04,제약,6200,복리후생비,594410000,708770000,114360000,0.1924,박과장,초과
BE000067,2024-04,제약,6300,광고선전비,778942000,576180000,-202762000,-0.2603,김대리,미달
BE000068,2024-04,제약,6400,운반비,718766000,764140000,45374000,0.0631,박과장,정상
BE000069,2024-04,제약,6500,감가상각비,714271000,696680000,-17591000,-0.0246,정사원,정상
BE000070,2024-04,제약,6600,지급수수료,573114000,798070000,224956000,0.3925,김대리,초과
BE000071,2024-04,제약,6700,연구개발비,704512000,805300000,100788000,0.1431,김대리,초과
BE000072,2024-04,제약,6800,기타판관비,590851000,732250000,141399000,0.2393,박과장,초과
BE000073,2024-05,OLED,5000,매출원가,707270000,529970000,-177300000,-0.2507,김대리,미달
BE000074,2024-05,OLED,6100,급여,693475000,729040000,35565000,0.0513,김대리,정상
BE000075,2024-05,OLED,6200,복리후생비,579362000,724420000,145058000,0.2504,정사원,초과
BE000076,2024-05,OLED,6300,광고선전비,675998000,816180000,140182000,0.2074,김대리,초과
BE000077,2024-05,OLED,6400,운반비,698475000,883200000,184725000,0.2645,김대리,초과
BE000078,2024-05,OLED,6500,감가상각비,706782000,815910000,109128000,0.1544,이대리,초과
BE000079,2024-05,OLED,6600,지급수수료,585196000,741890000,156694000,0.2678,최대리,초과
BE000080,2024-05,OLED,6700,연구개발비,692651000,621450000,-71201000,-0.1028,김대리,미달
BE000081,2024-05,OLED,6800,기타판관비,591128000,527180000,-63948000,-0.1082,이대리,미달
BE000082,2024-05,제약,5000,매출원가,683566000,760740000,77174000,0.1129,이대리,초과
BE000083,2024-05,제약,6100,급여,714575000,523930000,-190645000,-0.2668,최대리,미달
BE000084,2024-05,제약,6200,복리후생비,602622000,678900000,76278000,0.1266,박과장,초과
BE000085,2024-05,제약,6300,광고선전비,778942000,889990000,111048000,0.1426,김대리,초과
BE000086,2024-05,제약,6400,운반비,726512000,684070000,-42442000,-0.0584,박과장,정상
BE000087,2024-05,제약,6500,감가상각비,733398000,770200000,36802000,0.0502,정사원,정상
BE000088,2024-05,제약,6600,지급수수료,564402000,645350000,80948000,0.1434,김대리,초과
BE000089,2024-05,제약,6700,연구개발비,743255000,671020000,-72235000,-0.0972,김대리,정상
BE000090,2024-05,제약,6800,기타판관비,640060000,598650000,-41410000,-0.0647,박과장,정상
BE000091,2024-06,OLED,5000,매출원가,734313000,605370000,-128943000,-0.1756,김대리,미달
BE000092,2024-06,OLED,6100,급여,677210000,687510000,10300000,0.0152,김대리,정상
BE000093,2024-06,OLED,6200,복리후생비,627302000,614320000,-12982000,-0.0207,정사원,정상
BE000094,2024-06,OLED,6300,광고선전비,675998000,590950000,-85048000,-0.1258,김대리,미달
BE000095,2024-06,OLED,6400,운반비,724584000,626280000,-98304000,-0.1357,김대리,미달
BE000096,2024-06,OLED,6500,감가상각비,732018000,656880000,-75138000,-0.1026,이대리,미달
BE000097,2024-06,OLED,6600,지급수수료,603406000,649790000,46384000,0.0769,최대리,정상
BE000098,2024-06,OLED,6700,연구개발비,730042000,776510000,46468000,0.0637,김대리,정상
BE000099,2024-06,OLED,6800,기타판관비,607632000,726870000,119238000,0.1962,이대리,초과
BE000100,2024-06,제약,5000,매출원가,723787000,871560000,147773000,0.2042,이대리,초과
BE000101,2024-06,제약,6100,급여,731296000,587720000,-143576000,-0.1963,최대리,미달
BE000102,2024-06,제약,6200,복리후생비,609444000,701120000,91676000,0.1504,박과장,초과
BE000103,2024-06,제약,6300,광고선전비,778942000,599490000,-179452000,-0.2304,김대리,미달
BE000104,2024-06,제약,6400,운반비,681197000,746200000,65003000,0.0954,박과장,정상
BE000105,2024-06,제약,6500,감가상각비,697218000,612010000,-85208000,-0.1222,정사원,미달
BE000106,2024-06,제약,6600,지급수수료,576437000,751560000,175123000,0.3038,김대리,초과
BE000107,2024-06,제약,6700,연구개발비,706564000,584270000,-122294000,-0.1731,김대리,미달
BE000108,2024-06,제약,6800,기타판관비,635381000,689450000,54069000,0.0851,박과장,정상
BE000109,2024-07,OLED,5000,매출원가,770871000,734150000,-36721000,-0.0476,김대리,정상
BE000110,2024-07,OLED,6100,급여,711379000,536210000,-175169000,-0.2462,김대리,미달
BE000111,2024-07,OLED,6200,복리후생비,583512000,742370000,158858000,0.2722,정사원,초과
BE000112,2024-07,OLED,6300,광고선전비,675998000,617190000,-58808000,-0.087,김대리,정상
BE000113,2024-07,OLED,6400,운반비,678228000,628810000,-49418000,-0.0729,김대리,정상
BE000114,2024-07,OLED,6500,감가상각비,680568000,846470000,165902000,0.2438,이대리,초과
BE000115,2024-07,OLED,6600,지급수수료,583949000,668020000,84071000,0.144,최대리,초과
BE000116,2024-07,OLED,6700,연구개발비,720611000,725450000,4839000,0.0067,김대리,정상
BE000117,2024-07,OLED,6800,기타판관비,626527000,840610000,214083000,0.3417,이대리,초과
BE000118,2024-07,제약,5000,매출원가,736856000,672900000,-63956000,-0.0868,이대리,정상
BE000119,2024-07,제약,6100,급여,700456000,670860000,-29596000,-0.0423,최대리,정상
BE000120,2024-07,제약,6200,복리후생비,574757000,573760000,-997000,-0.0017,박과장,정상
BE000121,2024-07,제약,6300,광고선전비,778942000,659610000,-119332000,-0.1532,김대리,미달
BE000122,2024-07,제약,6400,운반비,693694000,765650000,71956000,0.1037,박과장,초과
BE000123,2024-07,제약,6500,감가상각비,682576000,684270000,1694000,0.0025,정사원,정상
BE000124,2024-07,제약,6600,지급수수료,584279000,625910000,41631000,0.0713,김대리,정상
BE000125,2024-07,제약,6700,연구개발비,693289000,825900000,132611000,0.1913,김대리,초과
BE000126,2024-07,제약,6800,기타판관비,640547000,649950000,9403000,0.0147,박과장,정상
BE000127,2024-08,OLED,5000,매출원가,746047000,743640000,-2407000,-0.0032,김대리,정상
BE000128,2024-08,OLED,6100,급여,727149000,892060000,164911000,0.2268,김대리,초과
BE000129,2024-08,OLED,6200,복리후생비,579932000,673770000,93838000,0.1618,정사원,초과
BE000130,2024-08,OLED,6300,광고선전비,675998000,711980000,35982000,0.0532,김대리,정상
BE000131,2024-08,OLED,6400,운반비,676670000,540870000,-135800000,-0.2007,김대리,미달
BE000132,2024-08,OLED,6500,감가상각비,675553000,797730000,122177000,0.1809,이대리,초과
BE000133,2024-08,OLED,6600,지급수수료,617763000,698980000,81217000,0.1315,최대리,초과
BE000134,2024-08,OLED,6700,연구개발비,721556000,647270000,-74286000,-0.103,김대리,미달
BE000135,2024-08,OLED,6800,기타판관비,575892000,693400000,117508000,0.204,이대리,초과
BE000136,2024-08,제약,5000,매출원가,712731000,757290000,44559000,0.0625,이대리,정상
BE000137,2024-08,제약,6100,급여,678233000,613030000,-65203000,-0.0961,최대리,정상
BE000138,2024-08,제약,6200,복리후생비,574425000,606720000,32295000,0.0562,박과장,정상
BE000139,2024-08,제약,6300,광고선전비,778942000,633110000,-145832000,-0.1872,김대리,미달
BE000140,2024-08,제약,6400,운반비,734124000,652300000,-81824000,-0.1115,박과장,미달
BE000141,2024-08,제약,6500,감가상각비,688895000,788020000,99125000,0.1439,정사원,초과
BE000142,2024-08,제약,6600,지급수수료,596688000,613880000,17192000,0.0288,김대리,정상
BE000143,2024-08,제약,6700,연구개발비,674206000,764780000,90574000,0.1343,김대리,초과
BE000144,2024-08,제약,6800,기타판관비,628996000,757680000,128684000,0.2046,박과장,초과
BE000145,2024-09,OLED,5000,매출원가,737986000,842450000,104464000,0.1416,김대리,초과
BE000146,2024-09,OLED,6100,급여,737496000,585160000,-152336000,-0.2066,김대리,미달
BE000147,2024-09,OLED,6200,복리후생비,567961000,616760000,48799000,0.0859,정사원,정상
BE000148,2024-09,OLED,6300,광고선전비,675998000,551710000,-124288000,-0.1839,김대리,미달
BE000149,2024-09,OLED,6400,운반비,665184000,663030000,-2154000,-0.0032,김대리,정상
BE000150,2024-09,OLED,6500,감가상각비,718097000,650460000,-67637000,-0.0942,이대리,정상
BE000151,2024-09,OLED,6600,지급수수료,586755000,839830000,253075000,0.4313,최대리,초과
BE000152,2024-09,OLED,6700,연구개발비,736810000,685430000,-51380000,-0.0697,김대리,정상
BE000153,2024-09,OLED,6800,기타판관비,594973000,699350000,104377000,0.1754,이대리,초과
BE000154,2024-09,제약,5000,매출원가,749770000,833970000,84200000,0.1123,이대리,초과
BE000155,2024-09,제약,6100,급여,721373000,751410000,30037000,0.0416,최대리,정상
BE000156,2024-09,제약,6200,복리후생비,560412000,726920000,166508000,0.2971,박과장,초과
BE000157,2024-09,제약,6300,광고선전비,778942000,587270000,-191672000,-0.2461,김대리,미달
BE000158,2024-09,제약,6400,운반비,711249000,740680000,29431000,0.0414,박과장,정상
BE000159,2024-09,제약,6500,감가상각비,676135000,628900000,-47235000,-0.0699,정사원,정상
BE000160,2024-09,제약,6600,지급수수료,598613000,598690000,77000,0.0001,김대리,정상
BE000161,2024-09,제약,6700,연구개발비,739301000,846670000,107369000,0.1452,김대리,초과
BE000162,2024-09,제약,6800,기타판관비,602862000,784100000,181238000,0.3006,박과장,초과
BE000163,2024-10,OLED,5000,매출원가,768289000,730210000,-38079000,-0.0496,김대리,정상
BE000164,2024-10,OLED,6100,급여,732789000,669170000,-63619000,-0.0868,김대리,정상
BE000165,2024-10,OLED,6200,복리후생비,594031000,610280000,16249000,0.0274,정사원,정상
BE000166,2024-10,OLED,6300,광고선전비,675998000,743050000,67052000,0.0992,김대리,정상
BE000167,2024-10,OLED,6400,운반비,663916000,816860000,152944000,0.2304,김대리,초과
BE000168,2024-10,OLED,6500,감가상각비,727881000,647000000,-80881000,-0.1111,이대리,미달
BE000169,2024-10,OLED,6600,지급수수료,600955000,668190000,67235000,0.1119,최대리,초과
BE000170,2024-10,OLED,6700,연구개발비,724856000,764170000,39314000,0.0542,김대리,정상
BE000171,2024-10,OLED,6800,기타판관비,568633000,650230000,81597000,0.1435,이대리,초과
BE000172,2024-10,제약,5000,매출원가,740420000,710110000,-30310000,-0.0409,이대리,정상
BE000173,2024-10,제약,6100,급여,667317000,644350000,-22967000,-0.0344,최대리,정상
BE000174,2024-10,제약,6200,복리후생비,605064000,636180000,31116000,0.0514,박과장,정상
BE000175,2024-10,제약,6300,광고선전비,778942000,898320000,119378000,0.1533,김대리,초과
BE000176,2024-10,제약,6400,운반비,701872000,639020000,-62852000,-0.0895,박과장,정상
BE000177,2024-10,제약,6500,감가상각비,674779000,687560000,12781000,0.0189,정사원,정상
BE000178,2024-10,제약,6600,지급수수료,563667000,769090000,205423000,0.3644,김대리,초과
BE000179,2024-10,제약,6700,연구개발비,736447000,748500000,12053000,0.0164,김대리,정상
BE000180,2024-10,제약,6800,기타판관비,635345000,848410000,213065000,0.3354,박과장,초과
BE000181,2024-11,OLED,5000,매출원가,734876000,748160000,13284000,0.0181,김대리,정상
BE000182,2024-11,OLED,6100,급여,710267000,742820000,32553000,0.0458,김대리,정상
BE000183,2024-11,OLED,6200,복리후생비,597164000,647610000,50446000,0.0845,정사원,정상
BE000184,2024-11,OLED,6300,광고선전비,675998000,704000000,28002000,0.0414,김대리,정상
BE000185,2024-11,OLED,6400,운반비,675506000,671820000,-3686000,-0.0055,김대리,정상
BE000186,2024-11,OLED,6500,감가상각비,734874000,652910000,-81964000,-0.1115,이대리,미달
BE000187,2024-11,OLED,6600,지급수수료,570833000,695910000,125077000,0.2191,최대리,초과
BE000188,2024-11,OLED,6700,연구개발비,692238000,712670000,20432000,0.0295,김대리,정상
BE000189,2024-11,OLED,6800,기타판관비,605390000,714380000,108990000,0.18,이대리,초과
BE000190,2024-11,제약,5000,매출원가,706136000,775530000,69394000,0.0983,이대리,정상
BE000191,2024-11,제약,6100,급여,710425000,684900000,-25525000,-0.0359,최대리,정상
BE000192,2024-11,제약,6200,복리후생비,581748000,656000000,74252000,0.1276,박과장,초과
BE000193,2024-11,제약,6300,광고선전비,778942000,680450000,-98492000,-0.1264,김대리,미달
BE000194,2024-11,제약,6400,운반비,739289000,742500000,3211000,0.0043,박과장,정상
BE000195,2024-11,제약,6500,감가상각비,716206000,627830000,-88376000,-0.1234,정사원,미달
BE000196,2024-11,제약,6600,지급수수료,588097000,708280000,120183000,0.2044,김대리,초과
BE000197,2024-11,제약,6700,연구개발비,685033000,859130000,174097000,0.2541,김대리,초과
BE000198,2024-11,제약,6800,기타판관비,615693000,629430000,13737000,0.0223,박과장,정상
BE000199,2024-12,OLED,5000,매출원가,765555000,730260000,-35295000,-0.0461,김대리,정상
BE000200,2024-12,OLED,6100,급여,686767000,752920000,66153000,0.0963,김대리,정상
BE000201,2024-12,OLED,6200,복리후생비,623360000,664590000,41230000,0.0661,정사원,정상
BE000202,2024-12,OLED,6300,광고선전비,675998000,852510000,176512000,0.2611,김대리,초과
BE000203,2024-12,OLED,6400,운반비,699853000,651900000,-47953000,-0.0685,김대리,정상
BE000204,2024-12,OLED,6500,감가상각비,730274000,875120000,144846000,0.1983,이대리,초과
BE000205,2024-12,OLED,6600,지급수수료,605289000,807680000,202391000,0.3344,최대리,초과
BE000206,2024-12,OLED,6700,연구개발비,735500000,700800000,-34700000,-0.0472,김대리,정상
BE000207,2024-12,OLED,6800,기타판관비,586316000,705120000,118804000,0.2026,이대리,초과
BE000208,2024-12,제약,5000,매출원가,747454000,644080000,-103374000,-0.1383,이대리,미달
BE000209,2024-12,제약,6100,급여,725628000,768040000,42412000,0.0584,최대리,정상
BE000210,2024-12,제약,6200,복리후생비,567138000,652410000,85272000,0.1504,박과장,초과
BE000211,2024-12,제약,6300,광고선전비,778942000,679080000,-99862000,-0.1282,김대리,미달
BE000212,2024-12,제약,6400,운반비,707963000,633750000,-74213000,-0.1048,박과장,미달
BE000213,2024-12,제약,6500,감가상각비,730245000,618910000,-111335000,-0.1525,정사원,미달
BE000214,2024-12,제약,6600,지급수수료,568246000,757310000,189064000,0.3327,김대리,초과
BE000215,2024-12,제약,6700,연구개발비,718355000,747110000,28755000,0.04,김대리,정상
BE000216,2024-12,제약,6800,기타판관비,590575000,721130000,130555000,0.2211,박과장,초과
BE000217,2025-01,OLED,5000,매출원가,766627000,674130000,-92497000,-0.1207,김대리,미달
BE000218,2025-01,OLED,6100,급여,692870000,614830000,-78040000,-0.1126,김대리,미달
BE000219,2025-01,OLED,6200,복리후생비,605452000,658510000,53058000,0.0876,정사원,정상
BE000220,2025-01,OLED,6300,광고선전비,675998000,695250000,19252000,0.0285,김대리,정상
BE000221,2025-01,OLED,6400,운반비,723861000,658840000,-65021000,-0.0898,김대리,정상
BE000222,2025-01,OLED,6500,감가상각비,705246000,745900000,40654000,0.0576,이대리,정상
BE000223,2025-01,OLED,6600,지급수수료,591009000,656760000,65751000,0.1113,최대리,초과
BE000224,2025-01,OLED,6700,연구개발비,725041000,764800000,39759000,0.0548,김대리,정상
BE000225,2025-01,OLED,6800,기타판관비,592414000,658220000,65806000,0.1111,이대리,초과
BE000226,2025-01,제약,5000,매출원가,746801000,652350000,-94451000,-0.1265,이대리,미달
BE000227,2025-01,제약,6100,급여,685591000,691290000,5699000,0.0083,최대리,정상
BE000228,2025-01,제약,6200,복리후생비,563545000,638200000,74655000,0.1325,박과장,초과
BE000229,2025-01,제약,6300,광고선전비,778942000,751870000,-27072000,-0.0348,김대리,정상
BE000230,2025-01,제약,6400,운반비,709729000,680910000,-28819000,-0.0406,박과장,정상
BE000231,2025-01,제약,6500,감가상각비,706764000,716690000,9926000,0.014,정사원,정상
BE000232,2025-01,제약,6600,지급수수료,611606000,787560000,175954000,0.2877,김대리,초과
BE000233,2025-01,제약,6700,연구개발비,715942000,699560000,-16382000,-0.0229,김대리,정상
BE000234,2025-01,제약,6800,기타판관비,624646000,706220000,81574000,0.1306,박과장,초과
BE000235,2025-02,OLED,5000,매출원가,749236000,688000000,-61236000,-0.0817,김대리,정상
BE000236,2025-02,OLED,6100,급여,735789000,731170000,-4619000,-0.0063,김대리,정상
BE000237,2025-02,OLED,6200,복리후생비,589118000,791510000,202392000,0.3436,정사원,초과
BE000238,2025-02,OLED,6300,광고선전비,675998000,616960000,-59038000,-0.0873,김대리,정상
BE000239,2025-02,OLED,6400,운반비,695285000,583100000,-112185000,-0.1614,김대리,미달
BE000240,2025-02,OLED,6500,감가상각비,724105000,639980000,-84125000,-0.1162,이대리,미달
BE000241,2025-02,OLED,6600,지급수수료,572635000,685160000,112525000,0.1965,최대리,초과
BE000242,2025-02,OLED,6700,연구개발비,696886000,679410000,-17476000,-0.0251,김대리,정상
BE000243,2025-02,OLED,6800,기타판관비,586319000,597920000,11601000,0.0198,이대리,정상
BE000244,2025-02,제약,5000,매출원가,682538000,745090000,62552000,0.0916,이대리,정상
BE000245,2025-02,제약,6100,급여,667198000,796520000,129322000,0.1938,최대리,초과
BE000246,2025-02,제약,6200,복리후생비,548581000,791400000,242819000,0.4426,박과장,초과
BE000247,2025-02,제약,6300,광고선전비,778942000,648500000,-130442000,-0.1675,김대리,미달
BE000248,2025-02,제약,6400,운반비,702396000,716610000,14214000,0.0202,박과장,정상
BE000249,2025-02,제약,6500,감가상각비,680477000,737300000,56823000,0.0835,정사원,정상
BE000250,2025-02,제약,6600,지급수수료,599950000,666350000,66400000,0.1107,김대리,초과
BE000251,2025-02,제약,6700,연구개발비,723680000,794950000,71270000,0.0985,김대리,정상
BE000252,2025-02,제약,6800,기타판관비,614696000,588010000,-26686000,-0.0434,박과장,정상
BE000253,2025-03,OLED,5000,매출원가,738377000,708500000,-29877000,-0.0405,김대리,정상
BE000254,2025-03,OLED,6100,급여,724514000,550840000,-173674000,-0.2397,김대리,미달
BE000255,2025-03,OLED,6200,복리후생비,595559000,751500000,155941000,0.2618,정사원,초과
BE000256,2025-03,OLED,6300,광고선전비,675998000,753690000,77692000,0.1149,김대리,초과
BE000257,2025-03,OLED,6400,운반비,668476000,729960000,61484000,0.092,김대리,정상
BE000258,2025-03,OLED,6500,감가상각비,670611000,729690000,59079000,0.0881,이대리,정상
BE000259,2025-03,OLED,6600,지급수수료,570564000,629910000,59346000,0.104,최대리,초과
BE000260,2025-03,OLED,6700,연구개발비,684160000,829470000,145310000,0.2124,김대리,초과
BE000261,2025-03,OLED,6800,기타판관비,583232000,733300000,150068000,0.2573,이대리,초과
BE000262,2025-03,제약,5000,매출원가,734904000,752270000,17366000,0.0236,이대리,정상
BE000263,2025-03,제약,6100,급여,704202000,616180000,-88022000,-0.125,최대리,미달
BE000264,2025-03,제약,6200,복리후생비,578789000,551750000,-27039000,-0.0467,박과장,정상
BE000265,2025-03,제약,6300,광고선전비,778942000,674470000,-104472000,-0.1341,김대리,미달
BE000266,2025-03,제약,6400,운반비,703947000,665520000,-38427000,-0.0546,박과장,정상
BE000267,2025-03,제약,6500,감가상각비,691808000,525830000,-165978000,-0.2399,정사원,미달
BE000268,2025-03,제약,6600,지급수수료,580956000,762380000,181424000,0.3123,김대리,초과
BE000269,2025-03,제약,6700,연구개발비,675274000,819820000,144546000,0.2141,김대리,초과
BE000270,2025-03,제약,6800,기타판관비,604671000,636070000,31399000,0.0519,박과장,정상
BE000271,2025-04,OLED,5000,매출원가,736231000,806510000,70279000,0.0955,김대리,정상
BE000272,2025-04,OLED,6100,급여,694110000,685820000,-8290000,-0.0119,김대리,정상
BE000273,2025-04,OLED,6200,복리후생비,572281000,805120000,232839000,0.4069,정사원,초과
BE000274,2025-04,OLED,6300,광고선전비,675998000,668580000,-7418000,-0.011,김대리,정상
BE000275,2025-04,OLED,6400,운반비,723165000,562130000,-161035000,-0.2227,김대리,미달
BE000276,2025-04,OLED,6500,감가상각비,669763000,728550000,58787000,0.0878,이대리,정상
BE000277,2025-04,OLED,6600,지급수수료,567609000,681730000,114121000,0.2011,최대리,초과
BE000278,2025-04,OLED,6700,연구개발비,718829000,713360000,-5469000,-0.0076,김대리,정상
BE000279,2025-04,OLED,6800,기타판관비,616684000,745600000,128916000,0.209,이대리,초과
BE000280,2025-04,제약,5000,매출원가,710337000,722300000,11963000,0.0168,이대리,정상
BE000281,2025-04,제약,6100,급여,679237000,517020000,-162217000,-0.2388,최대리,미달
BE000282,2025-04,제약,6200,복리후생비,587259000,738220000,150961000,0.2571,박과장,초과
BE000283,2025-04,제약,6300,광고선전비,778942000,721380000,-57562000,-0.0739,김대리,정상
BE000284,2025-04,제약,6400,운반비,718262000,640840000,-77422000,-0.1078,박과장,미달
BE000285,2025-04,제약,6500,감가상각비,704129000,737760000,33631000,0.0478,정사원,정상
BE000286,2025-04,제약,6600,지급수수료,597519000,673120000,75601000,0.1265,김대리,초과
BE000287,2025-04,제약,6700,연구개발비,712658000,730960000,18302000,0.0257,김대리,정상
BE000288,2025-04,제약,6800,기타판관비,619902000,675080000,55178000,0.089,박과장,정상
BE000289,2025-05,OLED,5000,매출원가,710109000,817320000,107211000,0.151,김대리,초과
BE000290,2025-05,OLED,6100,급여,697250000,751460000,54210000,0.0777,김대리,정상
BE000291,2025-05,OLED,6200,복리후생비,562500000,754980000,192480000,0.3422,정사원,초과
BE000292,2025-05,OLED,6300,광고선전비,675998000,742330000,66332000,0.0981,김대리,정상
BE000293,2025-05,OLED,6400,운반비,677368000,786380000,109012000,0.1609,김대리,초과
BE000294,2025-05,OLED,6500,감가상각비,721176000,534380000,-186796000,-0.259,이대리,미달
BE000295,2025-05,OLED,6600,지급수수료,580177000,681900000,101723000,0.1753,최대리,초과
BE000296,2025-05,OLED,6700,연구개발비,721284000,708110000,-13174000,-0.0183,김대리,정상
BE000297,2025-05,OLED,6800,기타판관비,590384000,794340000,203956000,0.3455,이대리,초과
BE000298,2025-05,제약,5000,매출원가,709118000,643500000,-65618000,-0.0925,이대리,정상
BE000299,2025-05,제약,6100,급여,662309000,727650000,65341000,0.0987,최대리,정상
BE000300,2025-05,제약,6200,복리후생비,545087000,611290000,66203000,0.1215,박과장,초과
BE000301,2025-05,제약,6300,광고선전비,778942000,784530000,5588000,0.0072,김대리,정상
BE000302,2025-05,제약,6400,운반비,741405000,828940000,87535000,0.1181,박과장,초과
BE000303,2025-05,제약,6500,감가상각비,732944000,858880000,125936000,0.1718,정사원,초과
BE000304,2025-05,제약,6600,지급수수료,570652000,664540000,93888000,0.1645,김대리,초과
BE000305,2025-05,제약,6700,연구개발비,724817000,738450000,13633000,0.0188,김대리,정상
BE000306,2025-05,제약,6800,기타판관비,578579000,736330000,157751000,0.2727,박과장,초과
BE000307,2025-06,OLED,5000,매출원가,768682000,656860000,-111822000,-0.1455,김대리,미달
BE000308,2025-06,OLED,6100,급여,682391000,686920000,4529000,0.0066,김대리,정상
BE000309,2025-06,OLED,6200,복리후생비,588107000,654070000,65963000,0.1122,정사원,초과
BE000310,2025-06,OLED,6300,광고선전비,675998000,697270000,21272000,0.0315,김대리,정상
BE000311,2025-06,OLED,6400,운반비,675942000,707410000,31468000,0.0466,김대리,정상
BE000312,2025-06,OLED,6500,감가상각비,728071000,780130000,52059000,0.0715,이대리,정상
BE000313,2025-06,OLED,6600,지급수수료,564641000,670420000,105779000,0.1873,최대리,초과
BE000314,2025-06,OLED,6700,연구개발비,719777000,756670000,36893000,0.0513,김대리,정상
BE000315,2025-06,OLED,6800,기타판관비,624083000,713870000,89787000,0.1439,이대리,초과
BE000316,2025-06,제약,5000,매출원가,735312000,715030000,-20282000,-0.0276,이대리,정상
BE000317,2025-06,제약,6100,급여,729466000,921320000,191854000,0.263,최대리,초과
BE000318,2025-06,제약,6200,복리후생비,555310000,652490000,97180000,0.175,박과장,초과
BE000319,2025-06,제약,6300,광고선전비,778942000,741950000,-36992000,-0.0475,김대리,정상
BE000320,2025-06,제약,6400,운반비,687098000,655850000,-31248000,-0.0455,박과장,정상
BE000321,2025-06,제약,6500,감가상각비,671370000,465120000,-206250000,-0.3072,정사원,미달
BE000322,2025-06,제약,6600,지급수수료,569476000,618970000,49494000,0.0869,김대리,정상
BE000323,2025-06,제약,6700,연구개발비,715276000,644130000,-71146000,-0.0995,김대리,정상
BE000324,2025-06,제약,6800,기타판관비,608015000,680030000,72015000,0.1184,박과장,초과
BE000325,2025-07,OLED,5000,매출원가,725837000,941109000,215272000,0.2966,김대리,초과
BE000326,2025-07,OLED,6100,급여,686328000,861850000,175522000,0.2557,김대리,초과
BE000327,2025-07,OLED,6200,복리후생비,629547000,841660000,212113000,0.3369,정사원,초과
BE000328,2025-07,OLED,6300,광고선전비,675998000,460370000,-215628000,-0.319,김대리,미달
BE000329,2025-07,OLED,6400,운반비,687267000,681650000,-5617000,-0.0082,김대리,정상
BE000330,2025-07,OLED,6500,감가상각비,721146000,736880000,15734000,0.0218,이대리,정상
BE000331,2025-07,OLED,6600,지급수수료,584571000,706980000,122409000,0.2094,최대리,초과
BE000332,2025-07,OLED,6700,연구개발비,675109000,702490000,27381000,0.0406,김대리,정상
BE000333,2025-07,OLED,6800,기타판관비,584378000,644910000,60532000,0.1036,이대리,초과
BE000334,2025-07,제약,5000,매출원가,742156000,621260000,-120896000,-0.1629,이대리,미달
BE000335,2025-07,제약,6100,급여,712098000,769850000,57752000,0.0811,최대리,정상
BE000336,2025-07,제약,6200,복리후생비,546210000,718030000,171820000,0.3146,박과장,초과
BE000337,2025-07,제약,6300,광고선전비,778942000,621590000,-157352000,-0.202,김대리,미달
BE000338,2025-07,제약,6400,운반비,728509000,773060000,44551000,0.0612,박과장,정상
BE000339,2025-07,제약,6500,감가상각비,684727000,699250000,14523000,0.0212,정사원,정상
BE000340,2025-07,제약,6600,지급수수료,621457000,632920000,11463000,0.0184,김대리,정상
BE000341,2025-07,제약,6700,연구개발비,675236000,770480000,95244000,0.1411,김대리,초과
BE000342,2025-07,제약,6800,기타판관비,629829000,728170000,98341000,0.1561,박과장,초과
BE000343,2025-08,OLED,5000,매출원가,776602000,844792000,68190000,0.0878,김대리,정상
BE000344,2025-08,OLED,6100,급여,691651000,581620000,-110031000,-0.1591,김대리,미달
BE000345,2025-08,OLED,6200,복리후생비,613310000,769490000,156180000,0.2547,정사원,초과
BE000346,2025-08,OLED,6300,광고선전비,675998000,682120000,6122000,0.0091,김대리,정상
BE000347,2025-08,OLED,6400,운반비,665137000,600050000,-65087000,-0.0979,김대리,정상
BE000348,2025-08,OLED,6500,감가상각비,711412000,777780000,66368000,0.0933,이대리,정상
BE000349,2025-08,OLED,6600,지급수수료,585350000,695740000,110390000,0.1886,최대리,초과
BE000350,2025-08,OLED,6700,연구개발비,729303000,850300000,120997000,0.1659,김대리,초과
BE000351,2025-08,OLED,6800,기타판관비,570129000,832410000,262281000,0.46,이대리,초과
BE000352,2025-08,제약,5000,매출원가,747971000,745030000,-2941000,-0.0039,이대리,정상
BE000353,2025-08,제약,6100,급여,728344000,610930000,-117414000,-0.1612,최대리,미달
BE000354,2025-08,제약,6200,복리후생비,596183000,656030000,59847000,0.1004,박과장,초과
BE000355,2025-08,제약,6300,광고선전비,778942000,764900000,-14042000,-0.018,김대리,정상
BE000356,2025-08,제약,6400,운반비,725792000,726590000,798000,0.0011,박과장,정상
BE000357,2025-08,제약,6500,감가상각비,681206000,727670000,46464000,0.0682,정사원,정상
BE000358,2025-08,제약,6600,지급수수료,593903000,660170000,66267000,0.1116,김대리,초과
BE000359,2025-08,제약,6700,연구개발비,718933000,631900000,-87033000,-0.1211,김대리,미달
BE000360,2025-08,제약,6800,기타판관비,610732000,792050000,181318000,0.2969,박과장,초과
BE000361,2025-09,OLED,5000,매출원가,775167000,806221000,31054000,0.0401,김대리,정상
BE000362,2025-09,OLED,6100,급여,732110000,720990000,-11120000,-0.0152,김대리,정상
BE000363,2025-09,OLED,6200,복리후생비,575360000,654360000,79000000,0.1373,정사원,초과
BE000364,2025-09,OLED,6300,광고선전비,675998000,546040000,-129958000,-0.1922,김대리,미달
BE000365,2025-09,OLED,6400,운반비,688685000,707950000,19265000,0.028,김대리,정상
BE000366,2025-09,OLED,6500,감가상각비,685097000,853730000,168633000,0.2461,이대리,초과
BE000367,2025-09,OLED,6600,지급수수료,565720000,565370000,-350000,-0.0006,최대리,정상
BE000368,2025-09,OLED,6700,연구개발비,684208000,626440000,-57768000,-0.0844,김대리,정상
BE000369,2025-09,OLED,6800,기타판관비,565926000,703870000,137944000,0.2437,이대리,초과
BE000370,2025-09,제약,5000,매출원가,711323000,830840000,119517000,0.168,이대리,초과
BE000371,2025-09,제약,6100,급여,662236000,803520000,141284000,0.2133,최대리,초과
BE000372,2025-09,제약,6200,복리후생비,601200000,576480000,-24720000,-0.0411,박과장,정상
BE000373,2025-09,제약,6300,광고선전비,778942000,727460000,-51482000,-0.0661,김대리,정상
BE000374,2025-09,제약,6400,운반비,724410000,707350000,-17060000,-0.0236,박과장,정상
BE000375,2025-09,제약,6500,감가상각비,721333000,885630000,164297000,0.2278,정사원,초과
BE000376,2025-09,제약,6600,지급수수료,588247000,757610000,169363000,0.2879,김대리,초과
BE000377,2025-09,제약,6700,연구개발비,688407000,719500000,31093000,0.0452,김대리,정상
BE000378,2025-09,제약,6800,기타판관비,574992000,655980000,80988000,0.1409,박과장,초과
BE000379,2025-10,OLED,5000,매출원가,763160000,867997000,104837000,0.1374,김대리,초과
BE000380,2025-10,OLED,6100,급여,708432000,820260000,111828000,0.1579,김대리,초과
BE000381,2025-10,OLED,6200,복리후생비,594475000,738270000,143795000,0.2419,정사원,초과
BE000382,2025-10,OLED,6300,광고선전비,675998000,614120000,-61878000,-0.0915,김대리,정상
BE000383,2025-10,OLED,6400,운반비,713606000,765700000,52094000,0.073,김대리,정상
BE000384,2025-10,OLED,6500,감가상각비,727003000,684890000,-42113000,-0.0579,이대리,정상
BE000385,2025-10,OLED,6600,지급수수료,571846000,863200000,291354000,0.5095,최대리,초과
BE000386,2025-10,OLED,6700,연구개발비,736553000,504450000,-232103000,-0.3151,김대리,미달
BE000387,2025-10,OLED,6800,기타판관비,612916000,712370000,99454000,0.1623,이대리,초과
BE000388,2025-10,제약,5000,매출원가,735929000,731290000,-4639000,-0.0063,이대리,정상
BE000389,2025-10,제약,6100,급여,716565000,632900000,-83665000,-0.1168,최대리,미달
BE000390,2025-10,제약,6200,복리후생비,591058000,718980000,127922000,0.2164,박과장,초과
BE000391,2025-10,제약,6300,광고선전비,778942000,736360000,-42582000,-0.0547,김대리,정상
BE000392,2025-10,제약,6400,운반비,721897000,650200000,-71697000,-0.0993,박과장,정상
BE000393,2025-10,제약,6500,감가상각비,680423000,663430000,-16993000,-0.025,정사원,정상
BE000394,2025-10,제약,6600,지급수수료,559208000,757900000,198692000,0.3553,김대리,초과
BE000395,2025-10,제약,6700,연구개발비,709835000,791250000,81415000,0.1147,김대리,초과
BE000396,2025-10,제약,6800,기타판관비,589204000,769150000,179946000,0.3054,박과장,초과
BE000397,2025-11,OLED,5000,매출원가,721026000,997867000,276841000,0.384,김대리,초과
BE000398,2025-11,OLED,6100,급여,717869000,754190000,36321000,0.0506,김대리,정상
BE000399,2025-11,OLED,6200,복리후생비,604626000,672560000,67934000,0.1124,정사원,초과
BE000400,2025-11,OLED,6300,광고선전비,675998000,635880000,-40118000,-0.0593,김대리,정상
BE000401,2025-11,OLED,6400,운반비,712456000,676880000,-35576000,-0.0499,김대리,정상
BE000402,2025-11,OLED,6500,감가상각비,711532000,650450000,-61082000,-0.0858,이대리,정상
BE000403,2025-11,OLED,6600,지급수수료,567691000,765310000,197619000,0.3481,최대리,초과
BE000404,2025-11,OLED,6700,연구개발비,677164000,651680000,-25484000,-0.0376,김대리,정상
BE000405,2025-11,OLED,6800,기타판관비,618463000,802440000,183977000,0.2975,이대리,초과
BE000406,2025-11,제약,5000,매출원가,697916000,708140000,10224000,0.0146,이대리,정상
BE000407,2025-11,제약,6100,급여,681286000,808660000,127374000,0.187,최대리,초과
BE000408,2025-11,제약,6200,복리후생비,606334000,543760000,-62574000,-0.1032,박과장,미달
BE000409,2025-11,제약,6300,광고선전비,778942000,589950000,-188992000,-0.2426,김대리,미달
BE000410,2025-11,제약,6400,운반비,737729000,661920000,-75809000,-0.1028,박과장,미달
BE000411,2025-11,제약,6500,감가상각비,668343000,638420000,-29923000,-0.0448,정사원,정상
BE000412,2025-11,제약,6600,지급수수료,596548000,827800000,231252000,0.3877,김대리,초과
BE000413,2025-11,제약,6700,연구개발비,732585000,664780000,-67805000,-0.0926,김대리,정상
BE000414,2025-11,제약,6800,기타판관비,593541000,723700000,130159000,0.2193,박과장,초과
BE000415,2025-12,OLED,5000,매출원가,768012000,879749000,111737000,0.1455,김대리,초과
BE000416,2025-12,OLED,6100,급여,695493000,641340000,-54153000,-0.0779,김대리,정상
BE000417,2025-12,OLED,6200,복리후생비,620993000,705830000,84837000,0.1366,정사원,초과
BE000418,2025-12,OLED,6300,광고선전비,675998000,738350000,62352000,0.0922,김대리,정상
BE000419,2025-12,OLED,6400,운반비,663590000,718470000,54880000,0.0827,김대리,정상
BE000420,2025-12,OLED,6500,감가상각비,683716000,658060000,-25656000,-0.0375,이대리,정상
BE000421,2025-12,OLED,6600,지급수수료,564987000,557500000,-7487000,-0.0133,최대리,정상
BE000422,2025-12,OLED,6700,연구개발비,671172000,619410000,-51762000,-0.0771,김대리,정상
BE000423,2025-12,OLED,6800,기타판관비,624336000,747190000,122854000,0.1968,이대리,초과
BE000424,2025-12,제약,5000,매출원가,719730000,718340000,-1390000,-0.0019,이대리,정상
BE000425,2025-12,제약,6100,급여,692448000,672680000,-19768000,-0.0285,최대리,정상
BE000426,2025-12,제약,6200,복리후생비,582377000,761900000,179523000,0.3083,박과장,초과
BE000427,2025-12,제약,6300,광고선전비,778942000,703760000,-75182000,-0.0965,김대리,정상
BE000428,2025-12,제약,6400,운반비,673291000,799900000,126609000,0.188,박과장,초과
BE000429,2025-12,제약,6500,감가상각비,699887000,646310000,-53577000,-0.0766,정사원,정상
BE000430,2025-12,제약,6600,지급수수료,559406000,798080000,238674000,0.4267,김대리,초과
BE000431,2025-12,제약,6700,연구개발비,696644000,728940000,32296000,0.0464,김대리,정상
BE000432,2025-12,제약,6800,기타판관비,627913000,603130000,-24783000,-0.0395,박과장,정상
BE000433,2026-01,OLED,5000,매출원가,732294000,740270000,7976000,0.0109,김대리,정상
BE000434,2026-01,OLED,6100,급여,687726000,827240000,139514000,0.2029,김대리,초과
BE000435,2026-01,OLED,6200,복리후생비,611640000,688900000,77260000,0.1263,정사원,초과
BE000436,2026-01,OLED,6300,광고선전비,675998000,638260000,-37738000,-0.0558,김대리,정상
BE000437,2026-01,OLED,6400,운반비,658880000,670030000,11150000,0.0169,김대리,정상
BE000438,2026-01,OLED,6500,감가상각비,719075000,724440000,5365000,0.0075,이대리,정상
BE000439,2026-01,OLED,6600,지급수수료,564590000,726390000,161800000,0.2866,최대리,초과
BE000440,2026-01,OLED,6700,연구개발비,693319000,747660000,54341000,0.0784,김대리,정상
BE000441,2026-01,OLED,6800,기타판관비,601664000,771540000,169876000,0.2823,이대리,초과
BE000442,2026-01,제약,5000,매출원가,730670000,796660000,65990000,0.0903,이대리,정상
BE000443,2026-01,제약,6100,급여,703513000,818430000,114917000,0.1633,최대리,초과
BE000444,2026-01,제약,6200,복리후생비,592107000,679710000,87603000,0.148,박과장,초과
BE000445,2026-01,제약,6300,광고선전비,778942000,769730000,-9212000,-0.0118,김대리,정상
BE000446,2026-01,제약,6400,운반비,731529000,793720000,62191000,0.085,박과장,정상
BE000447,2026-01,제약,6500,감가상각비,713846000,728430000,14584000,0.0204,정사원,정상
BE000448,2026-01,제약,6600,지급수수료,562440000,492200000,-70240000,-0.1249,김대리,미달
BE000449,2026-01,제약,6700,연구개발비,681800000,728830000,47030000,0.069,김대리,정상
BE000450,2026-01,제약,6800,기타판관비,593955000,765230000,171275000,0.2884,박과장,초과
BE000451,2026-02,OLED,5000,매출원가,754439000,634280000,-120159000,-0.1593,김대리,미달
BE000452,2026-02,OLED,6100,급여,681797000,665070000,-16727000,-0.0245,김대리,정상
BE000453,2026-02,OLED,6200,복리후생비,582663000,691860000,109197000,0.1874,정사원,초과
BE000454,2026-02,OLED,6300,광고선전비,675998000,612450000,-63548000,-0.094,김대리,정상
BE000455,2026-02,OLED,6400,운반비,675411000,670650000,-4761000,-0.007,김대리,정상
BE000456,2026-02,OLED,6500,감가상각비,690890000,677200000,-13690000,-0.0198,이대리,정상
BE000457,2026-02,OLED,6600,지급수수료,557194000,618120000,60926000,0.1093,최대리,초과
BE000458,2026-02,OLED,6700,연구개발비,688944000,719040000,30096000,0.0437,김대리,정상
BE000459,2026-02,OLED,6800,기타판관비,599929000,725830000,125901000,0.2099,이대리,초과
BE000460,2026-02,제약,5000,매출원가,682307000,683030000,723000,0.0011,이대리,정상
BE000461,2026-02,제약,6100,급여,727742000,661900000,-65842000,-0.0905,최대리,정상
BE000462,2026-02,제약,6200,복리후생비,592347000,726370000,134023000,0.2263,박과장,초과
BE000463,2026-02,제약,6300,광고선전비,778942000,616260000,-162682000,-0.2088,김대리,미달
BE000464,2026-02,제약,6400,운반비,684348000,834480000,150132000,0.2194,박과장,초과
BE000465,2026-02,제약,6500,감가상각비,733917000,870200000,136283000,0.1857,정사원,초과
BE000466,2026-02,제약,6600,지급수수료,607655000,761230000,153575000,0.2527,김대리,초과
BE000467,2026-02,제약,6700,연구개발비,734369000,803510000,69141000,0.0942,김대리,정상
BE000468,2026-02,제약,6800,기타판관비,595234000,637830000,42596000,0.0716,박과장,정상
BE000469,2026-03,OLED,5000,매출원가,724202000,813060000,88858000,0.1227,김대리,초과
BE000470,2026-03,OLED,6100,급여,689681000,636830000,-52851000,-0.0766,김대리,정상
BE000471,2026-03,OLED,6200,복리후생비,599361000,753430000,154069000,0.2571,정사원,초과
BE000472,2026-03,OLED,6300,광고선전비,675998000,636760000,-39238000,-0.058,김대리,정상
BE000473,2026-03,OLED,6400,운반비,672464000,799010000,126546000,0.1882,김대리,초과
BE000474,2026-03,OLED,6500,감가상각비,675343000,772480000,97137000,0.1438,이대리,초과
BE000475,2026-03,OLED,6600,지급수수료,589778000,643590000,53812000,0.0912,최대리,정상
BE000476,2026-03,OLED,6700,연구개발비,729432000,615460000,-113972000,-0.1562,김대리,미달
BE000477,2026-03,OLED,6800,기타판관비,588921000,722970000,134049000,0.2276,이대리,초과
BE000478,2026-03,제약,5000,매출원가,709465000,690710000,-18755000,-0.0264,이대리,정상
BE000479,2026-03,제약,6100,급여,671584000,593250000,-78334000,-0.1166,최대리,미달
BE000480,2026-03,제약,6200,복리후생비,561025000,727120000,166095000,0.2961,박과장,초과
BE000481,2026-03,제약,6300,광고선전비,778942000,2323620000,1544678000,1.983,김대리,초과
BE000482,2026-03,제약,6400,운반비,696146000,632370000,-63776000,-0.0916,박과장,정상
BE000483,2026-03,제약,6500,감가상각비,734258000,801670000,67412000,0.0918,정사원,정상
BE000484,2026-03,제약,6600,지급수수료,558583000,658860000,100277000,0.1795,김대리,초과
BE000485,2026-03,제약,6700,연구개발비,692014000,513850000,-178164000,-0.2575,김대리,미달
BE000486,2026-03,제약,6800,기타판관비,587009000,775400000,188391000,0.3209,박과장,초과
BE000487,2026-04,OLED,5000,매출원가,755623000,671050000,-84573000,-0.1119,김대리,미달
BE000488,2026-04,OLED,6100,급여,737251000,624910000,-112341000,-0.1524,김대리,미달
BE000489,2026-04,OLED,6200,복리후생비,573748000,745860000,172112000,0.3,정사원,초과
BE000490,2026-04,OLED,6300,광고선전비,675998000,663210000,-12788000,-0.0189,김대리,정상
BE000491,2026-04,OLED,6400,운반비,709688000,636900000,-72788000,-0.1026,김대리,미달
BE000492,2026-04,OLED,6500,감가상각비,723388000,640440000,-82948000,-0.1147,이대리,미달
BE000493,2026-04,OLED,6600,지급수수료,615848000,760780000,144932000,0.2353,최대리,초과
BE000494,2026-04,OLED,6700,연구개발비,689501000,594940000,-94561000,-0.1371,김대리,미달
BE000495,2026-04,OLED,6800,기타판관비,577807000,722720000,144913000,0.2508,이대리,초과
BE000496,2026-04,제약,5000,매출원가,695681000,622910000,-72771000,-0.1046,이대리,미달
BE000497,2026-04,제약,6100,급여,707783000,657460000,-50323000,-0.0711,최대리,정상
BE000498,2026-04,제약,6200,복리후생비,561306000,622890000,61584000,0.1097,박과장,초과
BE000499,2026-04,제약,6300,광고선전비,778942000,2226000000,1447058000,1.8577,김대리,초과
BE000500,2026-04,제약,6400,운반비,706752000,727560000,20808000,0.0294,박과장,정상
BE000501,2026-04,제약,6500,감가상각비,734386000,793550000,59164000,0.0806,정사원,정상
BE000502,2026-04,제약,6600,지급수수료,600382000,771040000,170658000,0.2842,김대리,초과
BE000503,2026-04,제약,6700,연구개발비,710709000,705630000,-5079000,-0.0071,김대리,정상
BE000504,2026-04,제약,6800,기타판관비,628359000,685590000,57231000,0.0911,박과장,정상
BE000505,2026-05,OLED,5000,매출원가,714702000,671730000,-42972000,-0.0601,김대리,정상
BE000506,2026-05,OLED,6100,급여,673991000,616220000,-57771000,-0.0857,김대리,정상
BE000507,2026-05,OLED,6200,복리후생비,618030000,651860000,33830000,0.0547,정사원,정상
BE000508,2026-05,OLED,6300,광고선전비,675998000,602090000,-73908000,-0.1093,김대리,미달
BE000509,2026-05,OLED,6400,운반비,670843000,821650000,150807000,0.2248,김대리,초과
BE000510,2026-05,OLED,6500,감가상각비,702978000,717890000,14912000,0.0212,이대리,정상
BE000511,2026-05,OLED,6600,지급수수료,589993000,683150000,93157000,0.1579,최대리,초과
BE000512,2026-05,OLED,6700,연구개발비,692040000,800080000,108040000,0.1561,김대리,초과
BE000513,2026-05,OLED,6800,기타판관비,611187000,676400000,65213000,0.1067,이대리,초과
BE000514,2026-05,제약,5000,매출원가,684035000,784760000,100725000,0.1473,이대리,초과
BE000515,2026-05,제약,6100,급여,694932000,585500000,-109432000,-0.1575,최대리,미달
BE000516,2026-05,제약,6200,복리후생비,561322000,698490000,137168000,0.2444,박과장,초과
BE000517,2026-05,제약,6300,광고선전비,778942000,644450000,-134492000,-0.1727,김대리,미달
BE000518,2026-05,제약,6400,운반비,722127000,790010000,67883000,0.094,박과장,정상
BE000519,2026-05,제약,6500,감가상각비,731703000,691160000,-40543000,-0.0554,정사원,정상
BE000520,2026-05,제약,6600,지급수수료,559255000,617110000,57855000,0.1035,김대리,초과
BE000521,2026-05,제약,6700,연구개발비,706908000,665190000,-41718000,-0.059,김대리,정상
BE000522,2026-05,제약,6800,기타판관비,595209000,935260000,340051000,0.5713,박과장,초과
BE000523,2026-06,OLED,5000,매출원가,704504000,700360000,-4144000,-0.0059,김대리,정상
BE000524,2026-06,OLED,6100,급여,684958000,682620000,-2338000,-0.0034,김대리,정상
BE000525,2026-06,OLED,6200,복리후생비,585956000,623050000,37094000,0.0633,정사원,정상
BE000526,2026-06,OLED,6300,광고선전비,675998000,745640000,69642000,0.103,김대리,초과
BE000527,2026-06,OLED,6400,운반비,715873000,762070000,46197000,0.0645,김대리,정상
BE000528,2026-06,OLED,6500,감가상각비,690340000,659430000,-30910000,-0.0448,이대리,정상
BE000529,2026-06,OLED,6600,지급수수료,622291000,696980000,74689000,0.12,최대리,초과
BE000530,2026-06,OLED,6700,연구개발비,671810000,784040000,112230000,0.1671,김대리,초과
BE000531,2026-06,OLED,6800,기타판관비,626928000,748170000,121242000,0.1934,이대리,초과
BE000532,2026-06,제약,5000,매출원가,733084000,628430000,-104654000,-0.1428,이대리,미달
BE000533,2026-06,제약,6100,급여,696023000,670730000,-25293000,-0.0363,최대리,정상
BE000534,2026-06,제약,6200,복리후생비,581371000,703880000,122509000,0.2107,박과장,초과
BE000535,2026-06,제약,6300,광고선전비,778942000,610460000,-168482000,-0.2163,김대리,미달
BE000536,2026-06,제약,6400,운반비,714482000,643430000,-71052000,-0.0994,박과장,정상
BE000537,2026-06,제약,6500,감가상각비,691439000,655820000,-35619000,-0.0515,정사원,정상
BE000538,2026-06,제약,6600,지급수수료,599630000,522700000,-76930000,-0.1283,김대리,미달
BE000539,2026-06,제약,6700,연구개발비,740278000,719320000,-20958000,-0.0283,김대리,정상
BE000540,2026-06,제약,6800,기타판관비,600916000,803320000,202404000,0.3368,박과장,초과
BE000541,2026-07,OLED,5000,매출원가,769061000,821080000,52019000,0.0676,김대리,정상
BE000542,2026-07,OLED,6100,급여,679692000,812600000,132908000,0.1955,김대리,초과
BE000543,2026-07,OLED,6200,복리후생비,581977000,585410000,3433000,0.0059,정사원,정상
BE000544,2026-07,OLED,6300,광고선전비,675998000,727560000,51562000,0.0763,김대리,정상
BE000545,2026-07,OLED,6400,운반비,661673000,628190000,-33483000,-0.0506,김대리,정상
BE000546,2026-07,OLED,6500,감가상각비,673523000,739500000,65977000,0.098,이대리,정상
BE000547,2026-07,OLED,6600,지급수수료,620270000,569700000,-50570000,-0.0815,최대리,정상
BE000548,2026-07,OLED,6700,연구개발비,686064000,808900000,122836000,0.179,김대리,초과
BE000549,2026-07,OLED,6800,기타판관비,586806000,692190000,105384000,0.1796,이대리,초과
BE000550,2026-07,제약,5000,매출원가,737965000,716380000,-21585000,-0.0292,이대리,정상
BE000551,2026-07,제약,6100,급여,671928000,717120000,45192000,0.0673,최대리,정상
BE000552,2026-07,제약,6200,복리후생비,583134000,756180000,173046000,0.2968,박과장,초과
BE000553,2026-07,제약,6300,광고선전비,778942000,614640000,-164302000,-0.2109,김대리,미달
BE000554,2026-07,제약,6400,운반비,690139000,629630000,-60509000,-0.0877,박과장,정상
BE000555,2026-07,제약,6500,감가상각비,729525000,624000000,-105525000,-0.1446,정사원,미달
BE000556,2026-07,제약,6600,지급수수료,588301000,547740000,-40561000,-0.0689,김대리,정상
BE000557,2026-07,제약,6700,연구개발비,703525000,726840000,23315000,0.0331,김대리,정상
BE000558,2026-07,제약,6800,기타판관비,634898000,678950000,44052000,0.0694,박과장,정상
BE000559,2026-08,OLED,5000,매출원가,773841000,525900000,-247941000,-0.3204,김대리,미달
BE000560,2026-08,OLED,6100,급여,696855000,654740000,-42115000,-0.0604,김대리,정상
BE000561,2026-08,OLED,6200,복리후생비,612244000,853800000,241556000,0.3945,정사원,초과
BE000562,2026-08,OLED,6300,광고선전비,675998000,641770000,-34228000,-0.0506,김대리,정상
BE000563,2026-08,OLED,6400,운반비,681791000,766400000,84609000,0.1241,김대리,초과
BE000564,2026-08,OLED,6500,감가상각비,732489000,617590000,-114899000,-0.1569,이대리,미달
BE000565,2026-08,OLED,6600,지급수수료,621799000,768770000,146971000,0.2364,최대리,초과
BE000566,2026-08,OLED,6700,연구개발비,716467000,661070000,-55397000,-0.0773,김대리,정상
BE000567,2026-08,OLED,6800,기타판관비,625395000,748920000,123525000,0.1975,이대리,초과
BE000568,2026-08,제약,5000,매출원가,740929000,731330000,-9599000,-0.013,이대리,정상
BE000569,2026-08,제약,6100,급여,724781000,823890000,99109000,0.1367,최대리,초과
BE000570,2026-08,제약,6200,복리후생비,593354000,739950000,146596000,0.2471,박과장,초과
BE000571,2026-08,제약,6300,광고선전비,778942000,686980000,-91962000,-0.1181,김대리,미달
BE000572,2026-08,제약,6400,운반비,712654000,674130000,-38524000,-0.0541,박과장,정상
BE000573,2026-08,제약,6500,감가상각비,688588000,610970000,-77618000,-0.1127,정사원,미달
BE000574,2026-08,제약,6600,지급수수료,611317000,820720000,209403000,0.3425,김대리,초과
BE000575,2026-08,제약,6700,연구개발비,692546000,780610000,88064000,0.1272,김대리,초과
BE000576,2026-08,제약,6800,기타판관비,604810000,806480000,201670000,0.3334,박과장,초과
BE000577,2026-09,OLED,5000,매출원가,735740000,641840000,-93900000,-0.1276,김대리,미달
BE000578,2026-09,OLED,6100,급여,719959000,766650000,46691000,0.0649,김대리,정상
BE000579,2026-09,OLED,6200,복리후생비,607755000,663010000,55255000,0.0909,정사원,정상
BE000580,2026-09,OLED,6300,광고선전비,675998000,851480000,175482000,0.2596,김대리,초과
BE000581,2026-09,OLED,6400,운반비,721574000,795660000,74086000,0.1027,김대리,초과
BE000582,2026-09,OLED,6500,감가상각비,691371000,655520000,-35851000,-0.0519,이대리,정상
BE000583,2026-09,OLED,6600,지급수수료,592761000,699120000,106359000,0.1794,최대리,초과
BE000584,2026-09,OLED,6700,연구개발비,721052000,710660000,-10392000,-0.0144,김대리,정상
BE000585,2026-09,OLED,6800,기타판관비,576024000,697030000,121006000,0.2101,이대리,초과
BE000586,2026-09,제약,5000,매출원가,718343000,511890000,-206453000,-0.2874,이대리,미달
BE000587,2026-09,제약,6100,급여,685225000,742800000,57575000,0.084,최대리,정상
BE000588,2026-09,제약,6200,복리후생비,588170000,717960000,129790000,0.2207,박과장,초과
BE000589,2026-09,제약,6300,광고선전비,778942000,663190000,-115752000,-0.1486,김대리,미달
BE000590,2026-09,제약,6400,운반비,705584000,647740000,-57844000,-0.082,박과장,정상
BE000591,2026-09,제약,6500,감가상각비,712261000,764230000,51969000,0.073,정사원,정상
BE000592,2026-09,제약,6600,지급수수료,564661000,766580000,201919000,0.3576,김대리,초과
BE000593,2026-09,제약,6700,연구개발비,678783000,736640000,57857000,0.0852,김대리,정상
BE000594,2026-09,제약,6800,기타판관비,583856000,586100000,2244000,0.0038,박과장,정상
BE000595,2026-10,OLED,5000,매출원가,706278000,885700000,179422000,0.254,김대리,초과
BE000596,2026-10,OLED,6100,급여,672474000,749660000,77186000,0.1148,김대리,초과
BE000597,2026-10,OLED,6200,복리후생비,616005000,678210000,62205000,0.101,정사원,초과
BE000598,2026-10,OLED,6300,광고선전비,675998000,835930000,159932000,0.2366,김대리,초과
BE000599,2026-10,OLED,6400,운반비,691621000,690610000,-1011000,-0.0015,김대리,정상
BE000600,2026-10,OLED,6500,감가상각비,723610000,713860000,-9750000,-0.0135,이대리,정상
BE000601,2026-10,OLED,6600,지급수수료,557766000,581160000,23394000,0.0419,최대리,정상
BE000602,2026-10,OLED,6700,연구개발비,699286000,716350000,17064000,0.0244,김대리,정상
BE000603,2026-10,OLED,6800,기타판관비,618618000,562790000,-55828000,-0.0902,이대리,정상
BE000604,2026-10,제약,5000,매출원가,746802000,629140000,-117662000,-0.1576,이대리,미달
BE000605,2026-10,제약,6100,급여,728215000,763610000,35395000,0.0486,최대리,정상
BE000606,2026-10,제약,6200,복리후생비,546919000,642360000,95441000,0.1745,박과장,초과
BE000607,2026-10,제약,6300,광고선전비,778942000,638930000,-140012000,-0.1797,김대리,미달
BE000608,2026-10,제약,6400,운반비,723524000,566350000,-157174000,-0.2172,박과장,미달
BE000609,2026-10,제약,6500,감가상각비,670589000,759010000,88421000,0.1319,정사원,초과
BE000610,2026-10,제약,6600,지급수수료,611831000,749470000,137639000,0.225,김대리,초과
BE000611,2026-10,제약,6700,연구개발비,679848000,559840000,-120008000,-0.1765,김대리,미달
BE000612,2026-10,제약,6800,기타판관비,643234000,743310000,100076000,0.1556,박과장,초과
BE000613,2026-11,OLED,5000,매출원가,720752000,560600000,-160152000,-0.2222,김대리,미달
BE000614,2026-11,OLED,6100,급여,672011000,635760000,-36251000,-0.0539,김대리,정상
BE000615,2026-11,OLED,6200,복리후생비,614251000,738670000,124419000,0.2026,정사원,초과
BE000616,2026-11,OLED,6300,광고선전비,675998000,662950000,-13048000,-0.0193,김대리,정상
BE000617,2026-11,OLED,6400,운반비,665184000,694120000,28936000,0.0435,김대리,정상
BE000618,2026-11,OLED,6500,감가상각비,704615000,769540000,64925000,0.0921,이대리,정상
BE000619,2026-11,OLED,6600,지급수수료,603945000,743310000,139365000,0.2308,최대리,초과
BE000620,2026-11,OLED,6700,연구개발비,672673000,655300000,-17373000,-0.0258,김대리,정상
BE000621,2026-11,OLED,6800,기타판관비,589303000,858110000,268807000,0.4561,이대리,초과
BE000622,2026-11,제약,5000,매출원가,723334000,540930000,-182404000,-0.2522,이대리,미달
BE000623,2026-11,제약,6100,급여,692686000,611250000,-81436000,-0.1176,최대리,미달
BE000624,2026-11,제약,6200,복리후생비,548001000,714640000,166639000,0.3041,박과장,초과
BE000625,2026-11,제약,6300,광고선전비,778942000,704930000,-74012000,-0.095,김대리,정상
BE000626,2026-11,제약,6400,운반비,693733000,710340000,16607000,0.0239,박과장,정상
BE000627,2026-11,제약,6500,감가상각비,701665000,761510000,59845000,0.0853,정사원,정상
BE000628,2026-11,제약,6600,지급수수료,560063000,816030000,255967000,0.457,김대리,초과
BE000629,2026-11,제약,6700,연구개발비,740375000,651530000,-88845000,-0.12,김대리,미달
BE000630,2026-11,제약,6800,기타판관비,626192000,767510000,141318000,0.2257,박과장,초과
BE000631,2026-12,OLED,5000,매출원가,718448000,722730000,4282000,0.006,김대리,정상
BE000632,2026-12,OLED,6100,급여,732254000,636370000,-95884000,-0.1309,김대리,미달
BE000633,2026-12,OLED,6200,복리후생비,607172000,801940000,194768000,0.3208,정사원,초과
BE000634,2026-12,OLED,6300,광고선전비,675998000,746200000,70202000,0.1038,김대리,초과
BE000635,2026-12,OLED,6400,운반비,659633000,568290000,-91343000,-0.1385,김대리,미달
BE000636,2026-12,OLED,6500,감가상각비,670460000,653620000,-16840000,-0.0251,이대리,정상
BE000637,2026-12,OLED,6600,지급수수료,607201000,607340000,139000,0.0002,최대리,정상
BE000638,2026-12,OLED,6700,연구개발비,674998000,787760000,112762000,0.1671,김대리,초과
BE000639,2026-12,OLED,6800,기타판관비,566611000,701750000,135139000,0.2385,이대리,초과
BE000640,2026-12,제약,5000,매출원가,686328000,854600000,168272000,0.2452,이대리,초과
BE000641,2026-12,제약,6100,급여,692559000,677650000,-14909000,-0.0215,최대리,정상
BE000642,2026-12,제약,6200,복리후생비,610391000,704900000,94509000,0.1548,박과장,초과
BE000643,2026-12,제약,6300,광고선전비,778942000,669360000,-109582000,-0.1407,김대리,미달
BE000644,2026-12,제약,6400,운반비,683154000,874520000,191366000,0.2801,박과장,초과
BE000645,2026-12,제약,6500,감가상각비,734228000,695690000,-38538000,-0.0525,정사원,정상
BE000646,2026-12,제약,6600,지급수수료,586903000,678340000,91437000,0.1558,김대리,초과
BE000647,2026-12,제약,6700,연구개발비,701408000,566560000,-134848000,-0.1923,김대리,미달
BE000648,2026-12,제약,6800,기타판관비,583706000,679580000,95874000,0.1643,박과장,초과
